0x775c72fb1c28c46f5e9976ffa08f348298fbcec0, 0.004432727676306443, 20119.48596106749
0xecce08c2636820a81fc0c805dbdc7d846636bbc4, 0.756822282470827, 3161733.547388524
0x073502e1d77e98bc4f6c526182bb637b46bf53df, 0.29017022133434806, 1209243.6187867485
0x964b2c3df9f29ded421ab05974306255f20a1f98, 1842.879961864297, 1744727676.9908779
0xb3d7e2431a2e21dd9474fd39062568eeb5d1dae7, 578.4619449001775, 581756982.6807709
0x2f70642a50d74111be3460f97c604359bc245da8, 1000.2222601289751, 1763714683.706665
0x2cafe9cba9da5a49e3ff28eb63958c2583cd552a, 1055.846130487619, 1224331752.9868965
0x80f227a6f50d75f31e83e881d26ad22d147e2fd3, 538.7963531389819, 1133416947.8799744
0x0fb11728d48ce180538490b3a09fa7c11cf4a344, 6092.353807974276, 15017554657.525146
0x918def53676ad8d5955c637c43983d1d7db46dea, 499.9212328767123, 1300805598.422821
0x7d580964ccd697152f9421142229d097fb03d1b1, 3592.1771357961443, 8516761380.022705
0x659082a1b071fe769fd4fc8acc3c056986375081, 318.57714351851854, 267057899.4626162
0x27cc46dbc92eca7785103483e82de0c6246124e4, 8418.60595473927, 23640920483.626953
0x270595e1e45e4d28e8eda95747f2e222aaa755ea, 4197.992660768646, 8752024868.233349
0x749204e590e3820d72c11ab5f73b8b02c3438869, 0.012466742770167428, 51498.06360437721
0xf7159f3ea4c932e097f20603a76a6e22d58a4044, 9.759003583797734, 40274588.03403187
0xe48ff39b6811fd3bc5c81b8eb2d7a2c5b2604863, 1537.1158816517716, 1254493775.871231
0x87410637492eeb199291d8041de2b0e3e71547f3, 0, 5197757.840816498
0xa8c56cfcbab094ec31319716422caf4fb8003573, 0, 1721903.5081644356
0x0962e1ce0819c840519a95111c9b2e4d8e475ecc, 636.4639597589077, 612720946.8173718
0x95263bac044453e7d63347a399f8cdea99f0d531, 332.5573133682538, 1368235566.031311
0x2ff99b5d39759632827d44b4155e983ae816a284, 105.53618615385116, 433700165.4778595
0xf8861c420fab6bad324f2e83eeedbb8c71cb0a15, 0, 400135.31878972054
0x63c2827a62e3715ce9c4fa8ddb3c3e89116f6202, 1.2168592085235919, 4989064.954134226
0x455d3752cd28a7d2a7d955acf99da9ddc4c2e3ed, 9.100921863108828, 37309570.462384224
0x1f906ab7bd49059d29cac759bc84f9008dbf4112, 325.5368529327594, 877647371.7398739
0x175b1aa14ebf9e0761d998bac8d7960bf0705f45, 0.10099253613330797, 413950.8834054172
0xf15165e9d655b200efa5b184a3741b3ec5ff0b1d, 0.8766590805745814, 3591930.4292132854
0xa9e0da4ba1b522b09d5f37abab08c0ebeb324f58, 10497.858856544903, 27497708169.04754
0x0c9a01a29d64a4c54497f2780a1f6a49bd89ee97, 2.1252724354175565, 8593482.268180609
0x336f2809f43fefb062a2b25f1c74a22a9bb26981, 3998.8838470319633, 2261027578.5826597
0xeda687a18d49fdcddfae38475cc4f3ce979ac133, 21.770434045158193, 60563870.90926933
0x2ec7da3139921cdca85d5eb1b870538e42f6b0ab, 0, 18737342.92158699
0xf7c58dfeb06691c6b37b64ddb9ca50a587caeb06, 976.4723915605923, 1736092451.459549
0x77692ec8dff80d651c4e27574234429861e06a8f, 336.64759284468937, 806363947.6032295
0x75f74de8c945725703f1a000521dc72a4f27701e, 1248.295004122273, 3366773888.3523254
0x4ddcad765a5a1497c26807078a318b4c1c2fc1e7, 208.23867651255708, 452877992.53790283
0x3930d9d8b77069ad62c4a1b5d943c1545f1e3a96, 384.72470324539876, 1093103227.3342896
0x9402229b147566037f850cdbb2f3a1bc58bf6783, 779.7288389459665, 3034440313.1011963
0xcca1ad5b7ae6bbe9330d85fc8cdebbe5bc45f48a, 300.82722472425775, 1170025825.9943848
0xefa3d9796e92078b34e074fc95b925582903f170, 0, 28301307.06475067
0xfd37d1d90c2f71e78aa25e968b31e6c341e8d224, 89.01750995466568, 346142317.51220703
0x9bd6a4c27d4e2d9d2af86455f2336437be854004, 106.52281425989345, 110790854.45734143
0x339d408e251ced5d441e09352291c7a45fef676a, 0, 4743595.489412308
0x91548e4c6a221610ab1fd3746c2d8ea0119cf49f, 0.24969006849315067, 962844.4799854457
0x46adf4507a9ee9333418774628fc70347a6d119e, 49.417446632420095, 190498845.5575714
0x3e55aa73120bc8035a61dba7f9b55ba99056bd9b, 5286.048994292238, 4870444970.629608
0xb113eab7d41515e7960ba37b42925fceb834aca6, 0, 182841399.8872223
0x3040b76bdd4d73472036cf9845e9a87008123946, 429.61580172096177, 1627748420.651146
0x11cb4b21b11b6c1282291a01cb7725933fd76792, 2.160811179393184, 8115048.470042706
0xe1fd26028a0de4f2a26b100f1ce0e98d5e669aa3, 0.09795112731851605, 60470367.16711806
0x94cc007aec3e6035c59e00dcd6e6b81801dc996d, 15.8171871036276, 34800225.05040169
0xac4a1c8c3633d1ac61b976236d33d781775cad17, 70.31786911550344, 48231144.22366738
0xe93b89fef7cbce1593bc6b504308666db0605996, 316.30710069444444, 1153718294.498352
0xbd60d1a6be7bc900bd748d5eeab7466770a685be, 481.0282716680504, 1007709587.3042908
0x32498836d2a52ee3f34995655a3d2394bd270aae, 0, 22057.218216128647
0xdf46e7abec81c028aa5de7c71219a346f86b6c73, 2008.6227937119481, 1877250084.3576207
0x3a244bdbf68bc15314c62827218b5f7f795cf394, 11.991935026636225, 41025855.25395775
0x0ac0240f4656dc80684d0df1208bb91c0220725d, 590.5055941243588, 1449828596.9331665
0x9acdbaef13c374022e2ca4e9494af526cfc920b4, 1.0397774243850735, 3510249.5930706263
0xddefb6166643657187c587237c3868f0fb3e37de, 0, 284653170.74536896
0x5ce3bb14dd7ae28fa059384c12c8a26877b91192, 0.6369828925672248, 2088632.1891602874
0xf853571a5437af65dc4906580015f35eb55921c1, 11215.642943107898, 33990751241.42578
0x8addabf339c54aa0c6e8adb41c2cb2f1d68451f5, 2598.6268296549974, 8497708527.924072
0xadcd0f99a56e4c87f522e3cbee7f225bd2b81063, 705.6389665778793, 1226490884.8049755
0xfc2a07c3c71b993a623bd33a9fcd6f5f8c3ba3da, 0.034333315892947754, 110103.46708862856
0xa3f46346230415bc8ad2f4bdbb7803f5bd6f5ce6, 66.56489091831558, 90536924.79621267
0x6ae07f823e9be3889ddd984716fad9faf3836d76, 1061.5924386415525, 1831905530.3203735
0x9b2e05bd31c4d6817d937a80ec7e5b423a2d88e3, 14.303210085299341, 23236433.85294485
0xad47c8b0d224c4a9dd431b2877ccdb886eb52949, 2052.8997428811517, 3697604304.5635376
0x4e1a43786e507854198cc84e5d72ca3e555c32b6, 25.01708883513879, 73879653.69254303
0x1af39fb2578c1fe55439840f586f7bed40e8126c, 313.27603608574327, 230299288.77947617
0x814ddadf2b6e96687c99d67c22230aa131bf69bf, 0.00620838948947548, 18185.608284181915
0x68030d42a06d6bc282b41c068fb8c16507b99469, 0, 697530.3121623993
0x11d72223368d5fc6f2dbc63458c2141e7a108053, 1044.8260530207272, 2443887354.581604
0xc1a6c86056dac008fbfc4e62d348c1c1df8bb056, 0.0001813568689223743, 528.0100051691115
0xfa5179eb4fcdd12f47412f3f8ae38259be3bd5eb, 307.43765410803525, 813918828.6127939
0x63e295e3fd59b6d9d2713d26fa91416eb0bfed1e, 308.52181813720034, 853773515.3379393
0xe85841ad1320047195e35352797fc7200be164c9, 164.3444952574579, 474759446.1389618
0x8cdf509f6d67cd11379edbe468f749ca32a25176, 313.0492406671608, 820579602.7838492
0x3a2ed3fcb00814e325eadbaba88bb903047c3fed, 624.9939211615297, 990966553.1564629
0xaceb82d900f3d8b3909dc5198e6974c23da732b4, 421.0734929766413, 892103745.8263576
0x5132649fde3e0bc9a207dce9ac44743247efe3d1, 313.93722533770926, 824789467.8956711
0x2abadddc9faaffebcaa2702ef56a1989d2bfd91a, 644.6730650684931, 1040257752.2940564
0x6945b43512cf7dabf002533bc4a01a49fd920372, 1022.3912556364155, 1123492011.755475
0x2cf7a9fb318182a8c793a5c7658d0d375c80683a, 0, 361663.2522852421
0x97804d60f9d695544fcfd1797605f5d1c90f445f, 0, 326024.117231369
0xebd35c595e608cd85f195576b8cc3bff8f80c11c, 4.484023091757113, 12765067.613360405
0x47f0cbca52894517917a42f545d438304c1d80af, 0, 372220.5731215477
0x4f81dcd57874bea635ddd33ebda1e6cbbd177028, 0, 415754.7541408539
0x8ace04a9ab843cbe14925e1eb80627ec548b1761, 528.0365015446986, 385043027.7137852
0x22fd4633443ae028c28620c79be4a19e2ff39504, 1064.24705481906, 1403114132.112234
0x86909d5d9b0e1ad7f7a0874071930438d17dc663, 6.191038812785388, 17388098.98575878
0x458a2856d86b54dbbda3d24cd4c0f506203af736, 0, 17480783.683258057
0x22f00d297ffb5bffd56e23ef2facb8de8d3fef26, 0, 379809.45799040794
0x57a36e40a540fb1744cc30d47d2c7e5888110c5d, 1.468186665704675, 3507422.3696022034
0x8d16a9343a290c88ce685daca9daa33d9d18bcbe, 0, 57894.36098229885
0x857db2aa6295cce3bb4ba4f11f81c0fd58a37b6e, 1785.025546942865, 2988156832.525738
0x48731a48591b8a1869fa0f742334532a88b2ce92, 314.2565921486555, 613244034.848896
0xfe655ec770e2b532c85e9867f79fb4a8c2dcf4de, 2061.679287163876, 2058059555.724762
0x9f28af4c58d2e2b776c27d432409964cb6c74891, 2494.969890007174, 2453629514.9103394
0xb66747241e41f0f44d7cd2d9ce0d08febbb7bf0e, 1033.5357968535175, 1267221099.4660034
0x0645842997caf428ac9419ed52dda96f51deb77f, 300.8780551988204, 831878177.745636
0x986b3b04523c0fd690b2fcf7cd114fc2b7d9e740, 423.654204718417, 990960699.6869183
0x4c9c9606b4a05eab15bfd5529d37901aa92adbaa, 1099.1073156087743, 1515217430.4231567
0xbcb8295d192b1ee9b61b0c89cff33f8d840966d4, 314.1198034977432, 225622754.34436226
0xf13872188b1823cab9cef25845fb9195532696cc, 314.80171411244294, 868893850.050415
0xe5b46ea6a8e364a31cf67ce32dddb94c2b603d52, 322.4305347858038, 860427603.2582333
0xc71ceab81a7f7866313c319959c66854f5bb8fe0, 3013.1242595280246, 5942558265.922974
0x94bf811283077daea3a193eb66a4519c7bdd7d49, 2713.181332445459, 2606690919.5505066
0x1eef89d0c6354902b06daa3bdd2ddada2598ab97, 1151.2838381902586, 1347486855.4562378
0xb3dfdea360ae38779b8fd9645290a46f939caed0, 859.3936755463478, 1164597060.697815
0xc9efbfaf6083c49c1741ab0b6946c0b5ede8956c, 1377.0783939804337, 1704759208.5899658
0x5e89492ced829cdd2faaa26d382993000d1c265d, 443.41745438200223, 1220473065.1686401
0x5d92d031024e368b5543c6da50f0cf392704511b, 349.97036165017755, 962714744.4490967
0x1ddde4797a96284370861be13e65e2162be0b6d3, 0, 9096718.146183014
0x8fa2a5bafa13e4004b6676bc6842687b208f34c5, 3.5528417058282598, 9750338.83853674
0x0d9ec0ad66d54c4245fc8c3dc5f5263904054589, 300.96730958269916, 183902561.07756054
0x5cb656d7605d9924c085fc859585f3ff2f7ad08f, 0, 366711.3350931406
0x0b368f220a06e20c33339cd59e4f16b95666a37f, 543.4434781246508, 980334312.9365513
0xb0b1babf19dcefbeb9018288203a61f44a4c66df, 0, 584098.8635091782
0xfcb757fd178fa036d839dbb5caa69005c4da9df7, 376.43349612317746, 1027935982.267456
0xf9a0b25695751476706ae7dca58c2ca3e2614cd3, 404.95156284631975, 1104960849.2423706
0x13ad17b6b0f8120bbeb91132d9d07902e5b9cb11, 0, 472563.8687186241
0xe595b22beb0deee5a41d2b29a86e4edec8b7d180, 0, 0
0x17bc9331ff977cab492d76a094683187b6bfbe48, 1010.4336074327753, 1656594395.3864136
0xddfb5f05589fcbfb99cb7b5ce4d549980c65cf6a, 5528.214283279426, 4124828993.2787476
0x0bbdd27e2da45d2cf8bcbb43487a19ad08b393c1, 326.7403006663337, 886583993.3743286
0x5fe2558ddfd8ef3335edf4815b29ccd54c6aa5d5, 320.08372652444825, 847052667.8338623
0x4b454e793480fe19b2db4365bdfa9da5c809baa4, 581.2696984728967, 973854783.3504333
0x725dad5adb139e3b5f2bc24c7a83a4d88f146ee0, 528.676171946347, 942605067.9670105
0xc0e99d042dc356f28ab6947688a563009189c3d6, 307.0444717283578, 830373525.6979675
0x6c4f311b2c097cb7e4c2566cb61a5f4d94999999, 310.07850825564435, 183262377.31990686
0x9531647f5ffaf86ccc95307a2841d44864f50d2f, 2509.223424974632, 6762959188.976501
0x1b76ec9dd24dd7f3b455b0c85037ff3243ad10c6, 355.29095319634706, 957001052.8010864
0x94ed315472c96b45763a7ca7991103972d94b8c4, 802.8512492511232, 984260390.6848526
0x323a24e105b292f01d89b616fef24d1a9df9f513, 349.87139420027904, 941718043.0861816
0x3bf43d5f01e2de17875111cd2b86aea6a08e3704, 1999.3178748097414, 2220435933.98053
0xead3b6578c71117526a9c972c0932c446320cfb0, 0, 408840.875695467
0x3edd4601ef01ef4de4f7a4ea265547580d519be5, 900.6400756992009, 1188607504.793518
0x39d49511f4b3f2ec4859fa0b36ed816147c1aedd, 328.80584221207505, 866755019.3555603
0xe2d7c679aedc71dcfd65eb381107f8beb0f65666, 5.206571468884767, 13993624.038349628
0x07a280e8a764b0cb493c7c5652db248c828d2487, 567.84447198099, 953850707.5645447
0x60cec6fa60a6880b518f9b78b9422740130ecf9a, 1001.5525696347031, 1213780406.6551514
0xe5dbd125da82787b8413912b2676dcdc66df7d7b, 834.6036291856925, 1118028430.7872314
0x24baf3a6918d6fef1a4ab229d1d9b79bcb20fdb6, 329.83436168188734, 884988305.9423523
0x9da5d2b953fa97a097da665ccd6137d3cf5010d8, 0, 3368627.646544218
0xd84cacf927db765ddddca706351c60c20f2a22b5, 309.9840163622527, 831047153.8981628
0x82a4cec7be980a7ae57513c79dcfeed186260e99, 302.8335618578767, 811636948.1448975
0xc9485cd3bed4d3f841adc35889591fd4e94c987a, 7218.8897657756215, 10208414434.921234
0x58c959a4510e92097ee1697490167810c93eb581, 332.9804651826484, 828904633.5193176
0x087b5bfca83b0ed4dd16001a996d204372872b3f, 33.61623783562437, 38002887.84437013
0x53cfbfe27706bb10f765e7ef64912533e215d724, 314.98111658105023, 812631249.0800171
0xc78d55fef09278943227d0131ae919a2620e67d1, 320.98058894596653, 817413153.9327393
0x75b23e8da1eccaa43bc7a4e23831bd46e559d22b, 320.7986955622146, 185808408.55514383
0x45f794104dd545b9c196fdc4623a6c1db4040abc, 562.2426215119228, 988142872.5430298
0x260470a4be6970ec94c094b2d7796cfed5ddf3ea, 301.81741775688414, 807855667.6125183
0xb0fb2ce51a7cfe2aa9a3ba0214e22405d764166a, 309.8079039034754, 828954247.7061462
0x4892db7037c4a4d1298fb58cce082008263a8416, 839.5729637937594, 1110200987.0705872
0x11c6b42d492e005e7caa19928a8275ae81a2e55b, 78.71041803018772, 224244264.98684692
0x04b243e950e0274cbd715ad140c11757207d6191, 672.9656948408168, 1008447861.7720947
0x2f41c37e82fbb6b49ca4a9d2451a2969bf1231d1, 302.1092888659703, 803184130.0675964
0x06d7e91ca4337e1bcc2192996eeb205a93d4ebbb, 1201.738623016632, 2783204263.119629
0xb0c3f2c3fa2cbbaf2f7d296bd41d8031672fdaf4, 310.85148632515217, 805716468.0584412
0x626b999f45095ba52099245317407e882331545f, 79.98445205479453, 212576517.86842346
0xa014f0452a103e0b5b9b33e35af6ccee83b4aae3, 300.8818396515094, 799632001.7493591
0xe52029a8ae59433a67cda5c005900089666b6ddd, 311.9031235970995, 814428178.1932068
0xec0847f840d3c6429acc6da2612e9f05ad8e9882, 872.1811014787417, 1164725617.7187977
0x839e270ba1e097004788857df95b9c3cae80e092, 300.6347753892377, 796589930.0680972
0x835021730e4dc6374b58d23ab850d3bf5840ac7b, 329.8392851027397, 190493991.85290897
0xdb2d78376960becbbb5010ab7502d2ee948b1a49, 301.1298522133433, 798153252.9496734
0x91b456e682ba958d43b563a8146812fbc1cede20, 349.82596556316594, 201786061.85070062
0x39d8dba2a0be1839db67e1203e31a626d72281b9, 309.84506389523085, 178722213.7060603
0x21699f05cd7faf2165512703af577afadda0458f, 315.0457882800609, 803528526.8309631
0xb8a953757b06d96396fb631e84115f8cd9d92113, 1152.8277014163762, 1292211911.840393
0x9347177014d3fea775b5b29ffc96bf6b911686f9, 300.85257814878236, 797168023.3368225
0x6ccff7807fc71fd391c64ed2d77b1ed91e576128, 526.8756719751635, 931026346.3722095
0xe6cdc77684634d400dcaa66165c51d9970262a3e, 300.8718229689549, 796323170.416565
0x413a311f84ee3fb242da931da7b3fb623679480b, 0, 522119.1859586239
0x8a98500e20b33eb24cd6ff62972b0b2ca1990c57, 306.1182581675687, 611974628.9475296
0xbaba55af21e34f5209a83086c5c0156532a8d168, 328.39320114699876, 822291435.8540039
0xa99037f7aadc8acc0f2b259eb947f04f4c51690f, 10.875560853998453, 27771972.245904565
0x44eaa7c5f2939bfe3c16d595d0fcb498cd5b236e, 313.811302289447, 802849870.7628479
0x733ab147ef8f4efea84ced248f1afe74fbe21582, 330.2760888321836, 819886921.096344
0xeb6f73d3c139e8f53d2550c54687c58b917ce78b, 351.7314477815072, 839690436.0202332
0x68bcc1855cb74907ae7ca5857b77b9d98c38ae20, 0, 9314034.362978935
0xcbc006a250ff1f765ea9f40ddc359a7ad326f195, 1781.0362615582228, 1825581928.404663
0xcbabcb54214f06671b8bb59da40ca23e168536be, 990.0812036244291, 505647274.3005676
0xc1083ea694c1e7bb375f40b0c2924b584c2518f5, 0, 15877092.325009346
0xe66b57614fa88fb9b9b0d40a99f896b518bf6fbb, 315.11330228944695, 787196113.9205933
0xa7b336d9e7f748d276bca12490b03ccbb4071c3a, 314.1404942255605, 789471478.0907898
0xc1c2d0860a213c630c7e285eb5b8b1ebdfa205b1, 1185.8692723204433, 1076857698.0047607
0xb745aa0d86ab8ccabd0721258c2b674e5c7b9152, 325.6401631563927, 807555322.1733093
0x5be2539baa7622865fdc401ba26adb636d78f5bf, 302.84094325532726, 776689656.0866699
0xf810f51674cf875a3e03a7b95c27b8df3312d131, 312.3155918839897, 780751084.0370789
0x0bec57f310940beed62897c6d7de79a6ca511a50, 309.84057750645286, 789156359.8147888
0x76d61d932c7bb37228f0602f67a889fd5eb68dd0, 394.25753503932015, 1001049450.7799683
0xf2da64cf36e390957a912ae04342ebf70857ebac, 311.6653192134354, 788714749.2388611
0x7bd9e55b4d927f474fa76a52a55bebad827d3fde, 319.6770771653537, 808440471.2401428
0xe7d7ac7341c0d7768b49db4b70ba8fa762610b24, 0.0167587851978691, 41014.75540368073
0x6aa33d1f92f2b64db7be6d8190390091dc69c8ff, 311.3570959514698, 761124408.3015442
0xeec8316b72e04fb22beb6c8a464fe8d730835c81, 608.4038074092705, 1116301367.2840881
0xfb825828749435a66eb7710c0d743cb32ae022dd, 541.9293311583726, 472825353.1849289
0x898ba0e92247d28e1b1d6e8d061d31e378594646, 622.5914772720066, 1469458459.8102417
0x0f07c0197c2431054906ff50d04a6390a67d1baa, 399.92291349568745, 901599213.6793823
0x2561a222dd48539a18b9e4dd31fb11e897fa1d86, 476.23771123669275, 849538723.3555298
0xff15208bb7bdc9024431c3294c9d1f6e262304a9, 2507.1169988584475, 5553691112.097412
0xfb63e10e33f11d1dff8a9edf26a37b5f5af67645, 4.171298991628615, 9203689.662346363
0x7e3725ab300dce7f6b47183232e44e538dfdacaa, 737.551515696347, 943047042.6542053
0x7fe33afe1109a52d7f6311cc0b8b8388d547ea5c, 307.6949919853501, 196886982.62870407
0x006efb61a1fdc1972130ee465012bc0f7fb36787, 320.72450528164956, 661375864.9287567
0x399a0ab358cd880b7df71896cdc8cc233ec1134a, 565.8281573756975, 342706891.9682827
0x9bb70bf2938a667ca6f039db35b925e3d3eb9885, 335.80198363774736, 676109422.4899292
0xc85c7692ec584818d5d47b9153eb179d040caa1c, 954.7368599991254, 935754622.4266968
0x900ad759cefe96cae74507e38446e7b642222cda, 516.4359732210806, 296257277.8400459
0x5078bd10db4b5005004ad6b5910f025b33f18fb2, 484.5393021667755, 725660923.7962036
0x1ff4c0ae0f386c16d297d7580b872da90fadae2c, 2036.1846778285133, 2902196953.5306473
0x41dee44551d49f419de996e1bc10f18f5a9be7e4, 256.84122056698175, 99445415.18737411
0xc7a5cd724d2794d781f1b80d4a971761c288cd63, 0.005119308092338915, 8234.266285554972
0x53143a1404277d27ef7007751739ce950896a3c2, 2535.735632775875, 3845169796.9277344
0x830dc7165fb45d8a21cc40ce58e7be48f54d7733, 499.77111872146116, 425583716.4893036
0x8fc87c199203332c1cc43430b9fad2b1868e44d0, 431.61069978796706, 537563151.2073059
0xeb65b563d3a1ce05c4d793a58719b171ebe58581, 38.477652456716136, 59347046.163230896
0xdcbc0ea6bef5041068707d986c1e007c98cec03d, 415.9062244080454, 530198033.65335083
0x5ddb49f23a2e5d83f348a0287085056a0612b365, 5000.136369682746, 7156907691.722656
0xd027e3bc1b4be983002119583d9453f7389d61fd, 3.8050737120165286, 5235465.606616497
0x604dcda0f15ed0923b5ae66e5c6d1611019b794a, 1095.1177510309253, 901078900.0652161
0x4870aad38e762f0a95cbb34d95a2983551f3ebe5, 339.355330874537, 387852431.5321655
0x9144dcfd6336a185237d2acf8a109c6af5c2036f, 320.0744107568493, 361966869.89715576
0x830a4bec21aa7bb909e5188028ffe96adbafd153, 363.7396024817653, 365416964.4477234
0xcfcffe706f54910dd3c98f9a7297b76bf663295d, 309.8187316875951, 330199167.5305786
0xeec117f77cbcda67aead88d55f4dd9666cd3b952, 645.0657202805374, 659424201.9172974
0x37f31de56cd8844c8170c54877a201af3541ae12, 380.33877655317576, 338836666.28637695
0xa43dd7a833668b04c31307e7a5bdc4fd9788ab58, 2.5373271816336884, 2561799.7023005486
0xb9a50a4019db5558cfe5a2e46af3f93f006dd7b6, 0, 376046.1401758194
0xf7b5d015d2ac3c8ec395fd3ee79eb3e8dc4108f6, 324.95825090531457, 298680664.4249878
0x42aaf70a09e9385dfa70b3d573d021c79ea1c901, 3033.6920608986557, 2774634477.8964844
0x6a62099262229c07643ec2f23e256d8caeb587f5, 750.129068794473, 558793530.5321045
0xed420f5f00186fa868aff815f9f5725be1cadc6d, 18.953075057077626, 14923310.144592285
0xdb88b11cf86dcd509e6204c8c007509516526309, 614.415270952345, 427778268.53723145
0x3cf8d5f814088a91e34a8aaf674ec84f63027348, 301.8163853215373, 236817208.57870483
0x0162e0554f115dbf4e7cccde0b0ca15ed4c73d9e, 620.9620317176914, 409706443.392395
0xc403400832e973011516de452bdf14b4f8266c6e, 614.2866039194115, 401243158.46725464
0xd4330ba82770aa55b808179fa3553999929af90b, 691.794519223906, 446575356.98132324
0x72806d4ce4ae8e1db7e7abd53ebc5da987f5a89b, 1.2256570904870028, 915617.3241915703
0x9378c1c061235833e9e86a73d421ac4bfaba45ce, 511.4007814921911, 311714688.646224
0xba7cf268cd6f327f853f9cdf638548c033ed8888, 301.6333333999239, 224703712.33294678
0xa9ddc986e7c4b2dfb5c10fe94ab99e7c33fdff54, 304.8660692541857, 227092143.6258545
0x6293d2ee946940200882de0c6359662bc28097ad, 335.42322101737864, 249674119.39196777
0x16ed9183cdf7e75ee53a650c3ce09fc10cae155b, 304.8616010273972, 226807123.16235352
0x4248a3026a014555d22a5e3c21814b1b9397d352, 304.83523171930494, 226496997.2782898
0xd821db770d6efd8b2533bba3ce33f5c3c71a2161, 617.755563863521, 396995682.72714233
0x8f1bcd4c2d00a88f78a82ad942e823a8bec0fcc5, 304.8423958729706, 225582153.57641602
0xb6a0b10d2e6f92197b877c064ade6bbf592e1a60, 307.93004417174024, 227633565.60944998
0x1d0cfc9b27fc08e70782c9b21c8dab87870c1100, 336.3381440756332, 248629984.49899292
0x65b6fe7b2851c1a8848de6e93ce6c4d775521f84, 310.79951564878235, 229495927.84521484
0xde253bca9f90c5e863c4ff4ecc16661affd1a3ae, 301.8482338914257, 222550137.1381836
0x78529a5325a7cbfe0208a6fe99a829ea28b09946, 323.99387157534244, 238846500.15905762
0x85e1e69c7839c4c5199dca4c6d46cbb52726ac48, 1.4209558946078793, 1047388.0108714104
0xffc65428c89d4b28610b1aceb45423671104f9b4, 307.08022126698455, 225868250.54959106
0x29f0ebfb14e46128a0df60c760b1e42c8e35549a, 301.0848834165716, 221268478.8626709
0x285973208cc8f2b65a57d3db370a614e714560c7, 816.6824463637797, 509480744.6576843
0x5372accb490a498f9a0ea9d1050932c32e306d8d, 1004.3965888984018, 734332927.4805908
0xd0ef643cacb56da91aee474d103cc46f2080f56c, 1083.334633813262, 694675726.8920288
0xdadd7dac370072311e3166019feb3d55877fe910, 849.5637238077118, 541465311.0592651
0x3aa48a6dbcae9798a423bbebfc05d8ca8a555232, 300.19724339623497, 216022686.84106445
0xb15abb115e40b404513fbfd57e590081e6131621, 307.55899123716256, 221207806.18045044
0x0f52e9eb237f384a46afdae58c497728cf790dc7, 310.03325494850327, 222325490.3564453
0xcfa69e7e5bd20a12eb676a03a350925b296143c5, 314.9016723744292, 225752851.47439575
0xeb9dc47e1822302803cc7a583a6fb4a162f31ac1, 324.8928466673009, 232555862.94812012
0xac3a38771884b89650c9e59952a72fa7895ad9fb, 414.3431148782344, 296569192.04748535
0x0910aed2f4a4b3e7f399f3d5cf6edaca132b83d0, 516.3573164024924, 341792578.4094415
0xe3615c57339377ca83b2a12a8ce30275c655fa28, 305.8582993721461, 217459286.61676025
0xa14504ffe5e9a245c9d4079547fa16fa0a823114, 3.9265723344498795, 2770422.5598635674
0x75d228291f2670546549563569d25ab1840fa897, 436.00275537671234, 287929944.411438
0x16dcf38af6bbd0c673cb1e6c05d2220965554a61, 1314.552524297628, 812844681.4194946
0x7f5eb24c704ddb8d97f0bd6831608de2a6e97985, 309.81408208079654, 217601328.504364
0xf1e59a9e96afaf1ae0e3e61a5560c977368b5e29, 600.7658251601345, 377538549.78515625
0x7d07da14b87b6370fb987f022367db438ad38c03, 1022.8582246483946, 610825615.1026611
0xef111e79d96abe4634ff22947d0902f43cdbec6c, 334.45719678264527, 234315695.2079773
0xb9df650383d84f2ad7ba1652b904f922e69b552e, 301.52950295925365, 211144550.41308594
0xce83b6564fb0f528172e0823331375f4b4ca9dad, 1000.5960814545281, 700754457.897583
0xcc0c40f6dc3fbef6328da9b07f58a2211806d1a5, 619.0122167008942, 390616625.508667
0xbf1a0eb4518d1f75b7e15ee9eb83a078e341a091, 315.40518042475264, 220667557.19091797
0x0e14b09cd66728ae56580c00a5cbefa4bcfb753f, 508.7875252647768, 327375243.839386
0x7675c0bfba0907e615121a6b39d0e3c870b73a0b, 324.8447474711441, 227150288.42718506
0xbe375b16a55e3323e22de841235b84efd557f09d, 304.36316725194223, 212495101.93811035
0xf3b1c99ff41836dbd20eaa1a5d502213a49ec997, 300.9962227057965, 210094159.46377563
0x4415d2b6022634826976ab797fd26f1f7e7ea347, 301.9011587316278, 209580539.14437866
0x47fd044fe4a240b193287c0bb564ef83c2011b98, 312.60724123982135, 216695432.03692627
0x5ab025df2a86e324bba4491b7bf4bee9c2181562, 304.8237661719939, 211225647.4143982
0x57ace3706b143f4dc56d4808dedfdb0a01b545af, 311.8111388888889, 214965249.54467773
0x9210d63aa390865da213ff22db8dadfa042fb013, 312.0849818506468, 215035759.0020752
0x63b38cfd568b5ba7f3e124b5a70603262d834e5f, 309.7966534278285, 212029476.55581665
0xa42b37b50fe7f1a4850e66881c22e80a80a08240, 305.1934326962955, 208436432.76141357
0xa00706c3b08db136a9e9300d0c5d22444b03b877, 553.7911461198015, 323399003.8043823
0x543a27a01490ab7913f491d7700014c0b3a3ecd9, 519.9721829020801, 352236176.32232666
0x8d51d1ba95530988c53c08507bab751406e52b02, 306.9585948072614, 203329373.2003479
0xdbd9a478f024193a26066fea2ee1878d8aff30f4, 303.1734447024496, 198002894.70721436
0xf488288a5dc55a2aa95318a47f848f573e719250, 301.92489773084014, 197004335.18243408
0x28c052f0c359af88d8e106608ecf08d7788cda93, 0, 127028.26861798763
0x3d82bd8155005dd721dfdc311534cfde980cd11c, 804.5215909199011, 504305208.70944214
0x831d9794ba02a2fa81caef8202dff99030cf0415, 586.2257972113717, 354260104.6731262
0x35642de97d6376dd55240ffd35fafd2619515e54, 306.9256949436961, 198111021.3895874
0x884eea0fc5c090d57b695fa26e5978b9f13ededa, 480.7943039930555, 286960660.1828964
0xfe57b767bd580c29cfdafc66e6e175a45e0096a0, 319.7214136679483, 204874604.38568115
0x1fe05822ab8346290064542820384d650b18a07c, 343.9795062785388, 219882019.7984619
0xc06e0388d7902c32d85531e60169088cb1ae9c9e, 343.9794844622019, 219880629.9348755
0xbc4f67b7a61accf235a3639079c60fbc36a9284c, 343.9709444670818, 219824263.2481079
0x350a885ea8744c28a26e6b874dd7a50c5d0e72be, 1111.7512933155758, 636314523.9078674
0xbbe4bf2d53a4a752c0ef21573fa0162bddafcd12, 310.5489071844876, 196098804.1685791
0x87a40539b3f0ad7dec878f332ce1ba01f90f815c, 31.04992326872929, 19591638.65956825
0x8a7bbf2b8f6409dea2761c5bd2b65fffada4b909, 301.6839005300771, 189879545.30975342
0x001fd2ab86b5cf5a3892f60048c5cc30dfab081c, 0, 1768611.653306961
0xe48dabb84b2184132103b6ef98979e182facf20c, 4.387390450596144, 2700561.66927433
0xf05e6883f52ff6bf82f9d3120ea163e65da32bef, 890.4319959839416, 544978433.1855526
0x767631abdc12c6ba6262d87e8d107dea9ae0af6f, 798.5468190877093, 466902518.5508728
0x677f86924673fba148b6d11003b35e8aa0129ba5, 0, 476685.09882068634
0xdd5864a413b7ba1cd438e20ca7a14d0e68fc0bfe, 2529.80506405378, 1551210690.3461914
0x86468e6160f61f19a7fdcc06e7e235059b856ce6, 0, 476691.0411416292
0x4224c955bdc6b87d60f2ef4718c6c5022edb09e0, 301.2166306522704, 184288852.88253784
0x806cafaa1b34c9b9d2fc33bbae3de209e9d137e0, 301.16067020711824, 184206429.73553467
0x7ad8ffc6d9754cfb83c2bbb483380ff35cf7f247, 329.78979975266367, 201175900.22161865
0x8efd97edf4169af5a6299416d1d60378d5479066, 303.4026714730308, 184840644.2294922
0x45d2c6e88dda2ae0053f69335189d790580c5744, 513.5368344186315, 309041716.98583984
0x33e64b201a02038f5380b2bc96130fe77c4e5419, 303.30338938360046, 184285471.2208252
0x51795b3acb74395ee4788a03492221c2328e4861, 309.97986317224763, 187441878.4515686
0x90774ab01bb5725d1ce10adf47a1b791a594279c, 529.3776040538286, 307387531.2653198
0x8a40435c3e62a8cb15570fa4e5587471f6b1b9f4, 823.4399407661085, 476464283.30929565
0xb9fbef8f9ed5151348e3d1d6e27e4f8dd7912d49, 720.1033901081762, 415275089.1624756
0x8873b2f5630c38bfed1c63768a6aac9b4a1810d1, 399.7699074074074, 240384243.8284912
0xbd63144c19379a62699f9544836cfdf05a3c31ed, 304.79087586409184, 182795889.47247314
0x9d276d8f19dfe76e9025e624a9210678ce6f3f2d, 301.99677516171994, 180930495.95425415
0x5e40789a9fa5e1a5d9ef54ac259639477b575c7d, 302.8058666048326, 181373749.56137085
0x97cd05ee9f47c6aba029c5ed4fbce8ce817586e3, 561.6813199790454, 323244281.86654663
0xd201ecbe85a32944464964a1e1c02f923e7c4dfe, 560.638492460997, 324623297.35879517
0xb697cea2dd7a0b9c90be7da172831d91c32b70f8, 304.9867669885211, 182092654.21725464
0x9bce58cf9292b3c2edf0ff5b056b8f4d570cecf7, 301.797012350964, 180171005.59143066
0x2e06bb4ddbf3f14516e6fb65e94cb84944aae8da, 310.06816024169524, 184793181.86819458
0x21ea1d0b740f0d2dc02fa93f828359fd196f800e, 1.424554526961209, 848571.5178477764
0xd6f6e74a1ed73d636a8bc796367f091a3d6b04a5, 641.6669228025114, 381191860.49468994
0x2d745789d3aa1232e31b0930e10d8556c3fa1a09, 310.058131367266, 184154686.31173706
0x21606ee18fc1c9b398c25f56e98e6035ab434299, 613.211192980819, 360315980.78967285
0x4d167fde5b6677ea1f539b4fdab0d3a65b6c181e, 419.94759655631657, 243518727.3515625
0xf12f98a0aa832987c9298e0e5d7152118e29df41, 424.9435968020675, 246168928.246521
0xa70624315649b95f160e6399c01567e862c9aa16, 434.94189033961186, 251760271.50357056
0x7bcc9240a36fa860822badb3de68f5e35dd7cb2f, 309.89432220319634, 181438942.07662964
0x794f4b5c738187224d0bc230f6a760023467789b, 410.7284175703958, 237925094.3300476
0xf314ba7071efdf6e3e34808c520135c6c292ae2c, 410.2282728469051, 237629692.50756836
0x30a30e458310bede783e53d8c5bbcc3c50d47617, 410.8275302305302, 237962605.96484375
0xc4bfc5b8266ade7507352ed04a65e027d3596ff8, 313.3778655065529, 183166071.92099
0xa2eda609de349128cf74b8cc96a113cf7319521e, 302.90256459284626, 176896763.6863098
0xda690dab2aff13983cb0adef3dd24bd49f761a0b, 309.8862566590563, 180925696.46224976
0x112404725049132fcad66630799666f48a8552ab, 304.9006738330797, 177985006.09838867
0xa17a1dea325445028c459cb671b74d07c40ee6d2, 310.88142237442923, 181225060.9182434
0xe320beb7f381b33bd6eb88ef1cda0f3fa4fdd68b, 300.9356499873161, 175356256.52236938
0x7b803ed00796ac589e3b5890d8dcc78578e62cd7, 306.62657827522406, 178611974.9180603
0xef53efc3f5753bd18f99cc9b39cae971b25be218, 319.8754997463217, 186311005.01397705
0xacd67c3083b9e0e2d378b1ec77d6532571dc634e, 1031.5490347316495, 594631078.0185547
0x8254925c4da21bcae450ed64cc97c42bcb24cb13, 411.9828496638762, 237125972.7392578
0x2748c10f7c6614679711fd35fbeb8e05a2e03419, 304.9403801211314, 176916176.67421055
0xecf00d580ec85d4bc5383ec2b904a1a3a7c5bb8e, 309.81699364547967, 179749313.5562439
0x47414b09e1fc4ab0aef5f94505f907d42937ae77, 317.85840182648406, 184092067.29812264
0x0c07ca2edc1366f06f9a09c0e22bf4344319744e, 303.08311522704213, 175780023.58755493
0xa20d478ec8a491d122b59dce8bcdfe259a088b45, 302.85535535578384, 175255882.75427246
0x681a5c1b072ec5894b63305920419e35d899beca, 304.85044013191276, 176160722.9093933
0x3a5d0b32ad798c53f6ab38bbc597caf41c3ca23f, 303.34332862348714, 175233705.69088745
0xf64ca3aef48977ee3ed2cdeb1b449b35a8783c55, 2.591660212736083, 1495775.3959505558
0x3998fc81353f4b7ab8517254f1b91c244552f3a5, 303.5544626379376, 175078830.75723267
0x37c9e073b8e3202df6e0ec46251886f1b71480fa, 309.903793442415, 178694711.00009155
0x9656c46300825ea522491cd2996c87ddcb826260, 309.8839411254947, 178649176.65264893
0x97e5bc28402527276a9b1ceef2ee7feefcf7fef1, 306.842717988965, 176887002.43133545
0x88f8346db22d35cd8eee861332d8e08a1e547dbd, 304.8870902302131, 175748656.96166992
0x57f65790fa373e1c74ec570048a2c7b10668ad93, 818.7413745719177, 463616810.9274292
0x14538b987e37e2cd0714b358c24e8661c67c9e81, 352.233294372996, 202964397.23358154
0xd899cba83cfa75d45b6c9e9196c3599c307320fe, 304.4609035023738, 175430220.36761475
0xde6910f4569646073eeea6e021b835824ba77874, 309.96893583628236, 178477788.4875183
0xcafd650401708ca4f65a22340d07f78e18f8c332, 306.43870833333335, 173504830.56155396
0x71fcd8ec340677d02ebc2be62042d8b3d00c0590, 708.5225333745561, 400624681.321167
0xe9d289dce390906ed2e982278f9653f7b03c3df7, 326.89137328767123, 188039522.5588379
0x6fd1efc2681b1fd5bf194762f564a73af2828292, 309.84380565068494, 178224790.6826172
0xdbecf3231e9c42a63e0146250426e26c6afd61ae, 309.84193794393707, 178105976.42538452
0xedf64c14f8347301dfaa8a409cf79fcbf5810ba5, 309.83867187747876, 177830821.2887268
0x032fad39a3134834585e13d98cdac4ac22fe814e, 309.8370229261796, 177793314.11019897
0xae3fea1052471716f08e3f31b08a89b5bbf05265, 309.9575304496766, 177747073.47109985
0xba12a4b0369400279e4276f1c6a72185399c6542, 309.95640794906615, 177649190.54293823
0x74943a53b8a8659b5bbc08589eaf60705d892e80, 0, 418342.50213217735
0xf0d7c528a50545821bcd7c3aca978e2cff2c89ff, 319.82776763064436, 183274263.87695312
0x1edad11a8d1a0417e90ab30c32b24605b2f2720a, 337.2605415106657, 193148943.49291992
0x626b918ef2625eb2d47eca3fd8e7774c34613ee1, 602.9249633648102, 342056445.5335388
0x813895135ca56b2aaea87beb196177c1ac8a2155, 300.823166317859, 171990681.75997925
0x82f5759a5c9d48e96864f988b2187150a9e89f56, 303.6500963193471, 173273524.53823853
0xb75d94b05156938df46ab456e33ce4c9cdf93d73, 300.8819632558345, 171485568.78390503
0x84400c5e12bcbf953fb01f61695733ccc5f260bc, 300.87393191114916, 171429241.05892944
0xad6339bac72315be11051a230194a2f3b378e935, 300.8130991010274, 171350360.7623291
0x235e146f1d8c70b9d5d76bce5744ea2aa95a0053, 300.8730394866185, 171372469.322937
0xce98a95f347e23bdb9f686512c8cf2d765e38195, 329.8189295566971, 187594410.75326538
0x09df8e09c6cb68c7832e215e9769f3140da85673, 300.8160841894977, 170998752.64950562
0xcd867ea977deb43a2090630c3ff10fa65700193a, 327.8139450786403, 186070637.2730713
0x86c1441caecde1046bc3ae0799f80051db1edd4c, 559.7462100456621, 317713907.9336548
0xe2445f7773a059c33d70a1e4c6b4e96309d6a68c, 303.7942871638762, 171980224.42062378
0xec6f13d708dac0afe4feeb1ecc643c720eaad974, 301.43889992389654, 170643807.6496582
0x4fcde2a630171f299f487ec52c509a273db03ea3, 314.7885441638128, 177744721.88500977
0x189c7f09d72a1d8233478751ddd3e7d7f4bb3055, 314.78844927226027, 177738687.3241577
0x1b0c9bb8f4502d6d8821e68eab3dcc2ee90b5a36, 314.7862268122146, 177597352.5878296
0x0eb6fe4881bd57291f993220f0ec28486df588a4, 314.7858622288813, 177574167.5278015
0x3fb955502ae19eb97a3ceddc1699d9067adda20f, 324.99538047786655, 182936974.71255493
0xa7956b8eeb7a3838146f88bb32c7171cf4143345, 300.96036346556315, 169344979.23553467
0x1a82a2b89a4ccd38b34377a33eddd8c790ef4516, 604.9240952583388, 340350258.4874878
0xb16885d54e8ca9730aa3cc81f3f6ab9eac8ac766, 638.5685898972603, 358687489.0725708
0xbf982f06f9282dce1621f49c8d282eb257e24198, 313.53837256022973, 176050698.80825806
0x02bbf01e772354228d0f66a720f48058e5f3d4c7, 314.98762913812783, 176805863.60534668
0x3de6539cf5c0c72e381df8eb37b0718faf8f3036, 314.9876241438356, 176805545.81436157
0xfcf756abc8e8294f7e69214799d1d20e031a3254, 314.9875791952055, 176802685.69604492
0xf8e93ee17cd730ede1b1bdf8bd99af313294fc19, 314.98749928652967, 176797601.04327393
0xac25424dd34afcf4d1473cdaaca019e573f9297c, 314.987484303653, 176796647.6711731
0xf3794a61651cdc90b9d80590ba5d413c50e664bb, 314.98746432648403, 176795376.5085144
0xb8dde2386a5e6c7f011815ccb83235dee2d64c47, 314.9874243721461, 176792834.1836548
0x2868dee7b17e478348eaae54ad0a65aab476c8aa, 314.98735944634706, 176788702.9071045
0x70cef808e390c031ab75cdd4d8a289215388bafd, 314.9862956621004, 176721013.7702942
0x11b88567af82af5bba947b37ea3d353447e94b85, 314.98605094178083, 176705442.1550598
0xe680413d0d88d5c50c2345c49ee5b3dd06d52d22, 314.98573630136985, 176685421.54214478
0xce75cc74e98fd26c46d7006a9a535c18d8d0f9aa, 454.75716308346017, 254993937.64855957
0x9fb3e1fdf2523ef04f25d1c69da2d12a9995e645, 309.825462804414, 173711856.09603882
0xad6f05857ebb5a330773ac6741be3c06b1af2cf0, 329.9733371385084, 184947250.69277954
0x87bad1868a2ffef891eda7f6dcbf061ec9f072f6, 309.9749481544901, 173738013.67858887
0xe658cd453b6d54ba43f2a5b49284e2b82adbf560, 304.91910207791216, 170890538.6235962
0xfc10f3672a5800a9c35c61769fb345652ea334ff, 329.9721729927702, 184873179.39050293
0x2809b5a5d66202622651580d05b7423b43dfc1e7, 329.97199510083715, 184861860.6753235
0x75359fcd3b430284e5d5e24bdc23526c6dede9a7, 307.99504100076103, 172493565.69729543
0xe907e019d67e4002b191d5906b790f5f1ef98297, 329.9702057172755, 184748008.38967896
0x85ab4a97283663e191e6cfc7dfcff4016e0c5c2b, 329.9696406487824, 184712055.29055786
0x403cabb8217d965ca9376df603aeabe0866e60f6, 329.96941043569257, 184697407.76669312
0xab8cc4da67b8b23456482891874a9128b850f6e5, 529.7076017091578, 296419606.54803467
0x2574f8351a6a47493b48fb6df4fd932521340de0, 2495.6179838200783, 1396245853.9697266
0xbeb439195367d87184733badb1f4f26a7df9c576, 903.3651755267434, 471742170.5468769
0x617eea439ff520fbdb8006d6c69e96422e958727, 301.1201074565576, 159616935.88584328
0xd7a7e8477abbe7d0453083b79a1cffeb67d8a5ed, 2312.8805207931414, 1292016690.7646484
0xea93efa4a0f368b4e152fb7d7ebb2c1a14ac4465, 571.4754890395575, 314435710.6767187
0x7dd4b7c7d60ec09d77f504d4e5eaa8355f65dc75, 648.1392204111974, 361876219.07141113
0x4e805d31c5c93d84743c0fbf3a7b18dbae690035, 0, 798026.7605109215
0xe9442731e5c6db811b2efaef1e0d9abe62bf30db, 647.9058133561643, 361673983.13165283
0xfef869627e0020e8c13c8fc2c32c66ecb6cda4b0, 623.9715909436834, 348310925.6102295
0xafb1f1d6a887dec13c2c3feea7d7c24ff8a06a3c, 1054.357293371068, 588082541.3797607
0x872f1ffdeee35a6074658b4fb185e2582db7896a, 300.8093385099569, 167320983.21542358
0xbfcff3aa2579219ea47bbdc783d3e5afb2174895, 571.4389412714748, 316931920.8802109
0x091232706a5017d8a72ce69741184687556de740, 304.8026073772831, 169277614.45391846
0xc2db6c1cdd02b8bf48c9d30fea6c8ac13eff5a0a, 0, 774375.4323052168
0xd61f2ecdb421625265dbcc2c90d4dfd07f9931f0, 565.8974331399036, 312183063.45043945
0x5f3fc0d59093dca9a55a5561b0db0dfe84dbde38, 600.6040453212202, 332034336.7911377
0xa2e2faf691ac3f117d7ea018a7f63065f2a92206, 300.3120228280378, 165855423.0314026
0xfc2b0ea4f1910833db4fdc7ecab54c8b93fb956f, 303.0347619040092, 167341250.1491089
0x3c64ac34a6187f70658f4e444fca143a460e523e, 301.9922503329528, 166509165.07382202
0xc0d3a8d939d8653f0fd8fe7a0646dd3884293466, 304.9864284864916, 167797738.2111206
0xbabfaba353c05d882cfb2201f039fa759b45f727, 300.98615310280314, 165568269.01571655
0x813f739b02102990b03749ffbd00499366672f0f, 333.32218707581865, 183090377.4777832
0xdeae1be6361cf08b6eedec70a25f165fc990f2ca, 555.6412264390962, 304692807.2694702
0x568a87af131a1e303f6fe9380a41695aa0d9c773, 300.92819561770676, 165131789.4555664
0x439102bcb3045cb1e53b80434bb1c325f52d7969, 300.91182654743784, 164632320.79013062
0x24172b00d662326c2588b73d333237a321e4b87d, 309.9088133574322, 169506020.05548096
0x99e546bf2e202aa5453aa19aa2bfc1d43e8c8939, 302.81685521784624, 165481689.54675293
0x84f812cc10640a3fe0e6753bb47ad3058d3b4af8, 301.5270848570562, 164772038.5003662
0x8e9e4465cbe3de268a1e3e0c228d20923dba3761, 304.2142493579799, 166087746.82962036
0x0862f5b6bd6f27ef606dc82f0edbbcdaa43f4cbd, 647.9272294520548, 353706390.2304077
0xb3474a6533d87e3452cb7b364f38beec800639ba, 300.9120293711948, 164103578.86569214
0xab418f230341ca4317fe8cb799856d4cf6d22d58, 399.7319412734652, 217821929.4387207
0x172bbff18713cf812512e438bfc83cdaefa38415, 301.14942639765906, 163953577.6159668
0x04fb3712c8452a90896ce7f49fc6182636963af6, 391.8945076737697, 213235288.14837646
0x1365b0f3f2e812fcabd5972ded7621fa7dc502d7, 6.255779038242009, 3394592.1468582153
0xe29432a36b4cfb52c05538a00352d4964f65520b, 300.18664359785555, 161783340.16723633
0xff59683661a5934748d92e71209c93f6a1f12b0c, 999.5772054160325, 524299235.36206055
0x4a786abfce88e92e343922e583e9241f3ac9c9fe, 349.7737807584982, 179161650.6408081
0xc3899caaa742066e53a07349329c9326d47606ac, 0, 449464.9041571617
0xfb17979267444d3d31f28135f5af8295d65d3fd0, 0, 386165.1032127142
0x2ae02587a2b86fbd4502c5322154e97908d7279f, 0.6115828186534692, 266580.0827001929
0x94cb8f1fbb01ca39a324c79ce595a41e25b80493, 0, 457911.02909219265
0xd392d581e85c77f8720b53d68be3bed9ab5d7b8f, 502.56737512682525, 182154037.41259766
0x8689162187f25db79a3c438c2836f75b09c4d65c, 2211.7849899970875, 789925738.4672852
0xf74cd54a707a8329ed65f82907353acfc91501ad, 0.9681580388492517, 295252.38000154495
0x67fc544bb6a9b3fcc1d56350d706b34543888987, 0.1393324009930675, 24733.312497481704
0xda13f11a3d5e6a844a434a1acaa15af954f398c9, 792.2314112128369, 116683011.16906738
0xa2f5e7c3fd726633718f2826c726c163128973d3, 58.22668551484903, 6845624.075950623
0x9d47f7a6eb52459b59eb4e016126788b5eac4f60, 32.440480561897516, 185251.3642501831
0xaefb39d1bc9f5f506730005ec96ff10b4ded8dda, 0, 0
